{"info":{"_postman_id":"8a10682b-4de9-4850-8b7a-3ddcaa9e74e0","name":"Tasks Management","schema":"https://schema.getpostman.com/json/collection/v2.1.0/collection.json"},"item":[{"name":"Get All tasks","id":"b14930e6-b2cf-4d8e-9af2-1df64a83120f","protocolProfileBehavior":{"disableBodyPruning":true},"request":{"method":"GET","header":[],"url":{"raw":"http://localhost:3000/tasks?search=mang","protocol":"http","host":["localhost"],"port":"3000","path":["tasks"],"query":[{"key":"search","value":"mang"}]}},"response":[]},{"name":"Create a task","id":"65fd69fa-75a4-4f9a-a6c2-38d637b0c4b6","protocolProfileBehavior":{"disableBodyPruning":true},"request":{"method":"POST","header":[],"body":{"mode":"urlencoded","urlencoded":[{"key":"title","value":"Dormir","type":"text"},{"key":"description","value":"Parcequ'il faut se reposer.","type":"text"}]},"url":{"raw":"http://localhost:3000/tasks","protocol":"http","host":["localhost"],"port":"3000","path":["tasks"]}},"response":[]},{"name":"Get task by id","id":"b8dd1811-8248-4a33-819a-143867c3ff3b","protocolProfileBehavior":{"disableBodyPruning":true},"request":{"method":"GET","header":[],"url":{"raw":"http://localhost:3000/tasks/a8454213-f766-49bc-93ca-b76b4ba2dceb","protocol":"http","host":["localhost"],"port":"3000","path":["tasks","a8454213-f766-49bc-93ca-b76b4ba2dceb"]}},"response":[]},{"name":"Delete task","id":"d37f6bc6-35de-42af-a48c-2ecba36ec042","protocolProfileBehavior":{"disableBodyPruning":true},"request":{"method":"DELETE","header":[],"url":{"raw":"http://localhost:3000/tasks/a32f5ce1-6ba0-4872-a408-2f49de830bf4","protocol":"http","host":["localhost"],"port":"3000","path":["tasks","a32f5ce1-6ba0-4872-a408-2f49de830bf4"]}},"response":[]},{"name":"Update a task","id":"ba07bb14-3cb1-45cf-9fee-63f458a62c99","protocolProfileBehavior":{"disableBodyPruning":true},"request":{"method":"PATCH","header":[],"body":{"mode":"urlencoded","urlencoded":[{"key":"status","value":"DONE","type":"text"},{"key":"title","value":"Faire le ménache","type":"text"},{"key":"description","value":"Puk'sa'soa'pu'prop","type":"text"}]},"url":{"raw":"http://localhost:3000/tasks/101f8848-6b32-49fa-9334-b240de1af822","protocol":"http","host":["localhost"],"port":"3000","path":["tasks","101f8848-6b32-49fa-9334-b240de1af822"]}},"response":[]},{"name":"Get task with filter","id":"5bb10f9e-6ced-491d-8ecd-b0f2a3e368a6","protocolProfileBehavior":{"disableBodyPruning":true},"request":{"method":"GET","header":[],"url":{"raw":"http://localhost:3000/tasks?search=coucou&status=IN_PROGRESS","protocol":"http","host":["localhost"],"port":"3000","path":["tasks"],"query":[{"key":"search","value":"coucou"},{"key":"status","value":"IN_PROGRESS"}]}},"response":[]}]}